random_id,participant_id,n
p05ywlxguyt,seal,101
p0unvuqxmsj,moose,101
p18qqcvw3zt,jaguar,101
p24767oe8gg,elk,101
p2kcua5fpkl,cheetah,101
p4hcmyo9422,deer,101
p53z6t4hk1n,lemur,101
p7j19qr3qyh,beaver,101
p9bx95mlpmt,wombat,101
p9s3x439nd0,crow,101
pap1wkm8ouu,camel,101
paz6h3xv1n0,lamb,101
pbzttx8g7pb,manatee,101
pcbcgbnd6ar,meerkat,101
pcby9slx9h4,butterfly,101
pck91rc4zg8,mouse,101
pcpe2s6p8bw,lynx,101
pe2cg045kwa,owl,101
peudo7nyzdy,koala,101
pfnc3x7o5me,zebra,101
pfnqe0os2au,hamster,101
pfqx7d4vv71,goat,101
pgjuv9ttdj8,chipmunk,101
pgrvdsbdr6h,badger,101
pja4rprn1xm,dolphin,101
pkwfqq6bptc,wolf,101
pkznlthk927,antelope,101
plljtg4lwjm,fox,101
plu5d0spxvc,parrot,101
pm3h8hqcx9h,hedgehog,101
pnfee6x5nmh,horse,101
pognl2hldb7,swan,101
ppsv70gnnqr,goose,101
pqbzw6y3v6d,squirrel,101
psalelbuf8s,whale,101
pw5xo7r2rrb,turtle,101
pwpfvbp9h8o,alpaca,101
pwzp31kr1d2,tortoise,101
py8c0rzn4vh,cub,101
pykg4b0del1,sheep,101
pzk2dn0zdhk,lion,101
pzvb1tzsc1k,panda,101
